timestamp,symbol,close
1750509600000,BTCUSDT,103815.9
1750509660000,BTCUSDT,103788.2
1750509720000,BTCUSDT,103779.9
1750509780000,BTCUSDT,103779.9
1750509840000,BTCUSDT,103779.9
1750509900000,BTCUSDT,103789.9
1750509960000,BTCUSDT,103789.9
1750510020000,BTCUSDT,103790.0
1750510080000,BTCUSDT,103751.0
1750510140000,BTCUSDT,103762.7
1750510200000,BTCUSDT,103768.3
1750510260000,BTCUSDT,103773.3
1750510320000,BTCUSDT,103754.4
1750510380000,BTCUSDT,103743.9
1750510440000,BTCUSDT,103738.3
1750510500000,BTCUSDT,103779.2
1750510560000,BTCUSDT,103756.8
1750510620000,BTCUSDT,103758.1
1750510680000,BTCUSDT,103766.2
1750510740000,BTCUSDT,103752.6
1750510800000,BTCUSDT,103770.0
1750510860000,BTCUSDT,103769.9
1750510920000,BTCUSDT,103773.8
1750510980000,BTCUSDT,103788.5
1750511040000,BTCUSDT,103814.8
1750511100000,BTCUSDT,103806.1
1750511160000,BTCUSDT,103806.2
1750511220000,BTCUSDT,103814.7
1750511280000,BTCUSDT,103807.5
1750511340000,BTCUSDT,103780.3
1750511400000,BTCUSDT,103772.6
1750511460000,BTCUSDT,103780.2
1750511520000,BTCUSDT,103766.9
1750511580000,BTCUSDT,103767.0
1750511640000,BTCUSDT,103786.0
1750511700000,BTCUSDT,103786.2
1750511760000,BTCUSDT,103814.9
1750511820000,BTCUSDT,103818.6
1750511880000,BTCUSDT,103820.6
1750511940000,BTCUSDT,103820.0
1750512000000,BTCUSDT,103801.9
1750512060000,BTCUSDT,103796.7
1750512120000,BTCUSDT,103796.7
1750512180000,BTCUSDT,103788.8
1750512240000,BTCUSDT,103797.6
1750512300000,BTCUSDT,103807.6
1750512360000,BTCUSDT,103824.3
1750512420000,BTCUSDT,103820.0
1750512480000,BTCUSDT,103820.1
1750512540000,BTCUSDT,103827.6
1750512600000,BTCUSDT,103823.3
1750512660000,BTCUSDT,103823.2
1750512720000,BTCUSDT,103803.0
1750512780000,BTCUSDT,103788.1
1750512840000,BTCUSDT,103788.1
1750512900000,BTCUSDT,103781.1
1750512960000,BTCUSDT,103762.0
1750513020000,BTCUSDT,103754.2
1750513080000,BTCUSDT,103732.9
1750513140000,BTCUSDT,103731.1
1750513200000,BTCUSDT,103716.9
1750513260000,BTCUSDT,103731.0
1750513320000,BTCUSDT,103726.1
1750513380000,BTCUSDT,103682.6
1750513440000,BTCUSDT,103662.6
1750513500000,BTCUSDT,103580.8
1750513560000,BTCUSDT,103529.8
1750513620000,BTCUSDT,103529.9
1750513680000,BTCUSDT,103568.8
1750513740000,BTCUSDT,103594.8
1750513800000,BTCUSDT,103603.4
1750513860000,BTCUSDT,103544.1
1750513920000,BTCUSDT,103544.5
1750513980000,BTCUSDT,103544.7
1750514040000,BTCUSDT,103512.5
1750514100000,BTCUSDT,103542.6
1750514160000,BTCUSDT,103522.0
1750514220000,BTCUSDT,103523.0
1750514280000,BTCUSDT,103500.9
1750514340000,BTCUSDT,103528.4
1750514400000,BTCUSDT,103549.9
1750514460000,BTCUSDT,103518.0
1750514520000,BTCUSDT,103496.6
1750514580000,BTCUSDT,103520.9
1750514640000,BTCUSDT,103583.7
1750514700000,BTCUSDT,103575.8
1750514760000,BTCUSDT,103523.2
1750514820000,BTCUSDT,103520.9
1750514880000,BTCUSDT,103508.9
1750514940000,BTCUSDT,103557.2
1750515000000,BTCUSDT,103502.1
1750515060000,BTCUSDT,103500.0
1750515120000,BTCUSDT,103500.0
1750515180000,BTCUSDT,103507.7
1750515240000,BTCUSDT,103507.6
1750515300000,BTCUSDT,103496.8
1750515360000,BTCUSDT,103483.8
1750515420000,BTCUSDT,103413.4
1750515480000,BTCUSDT,103463.4
1750515540000,BTCUSDT,103482.4
1750515600000,BTCUSDT,103550.2
1750515660000,BTCUSDT,103549.7
1750515720000,BTCUSDT,103526.8
1750515780000,BTCUSDT,103466.3
1750515840000,BTCUSDT,103470.6
1750515900000,BTCUSDT,103467.8
1750515960000,BTCUSDT,103425.9
1750516020000,BTCUSDT,103400.3
1750516080000,BTCUSDT,103383.1
1750516140000,BTCUSDT,103355.7
1750516200000,BTCUSDT,103393.5
1750516260000,BTCUSDT,103422.5
1750516320000,BTCUSDT,103564.1
1750516380000,BTCUSDT,103536.8
1750516440000,BTCUSDT,103609.8
1750516500000,BTCUSDT,103641.2
1750516560000,BTCUSDT,103672.7
1750516620000,BTCUSDT,103692.2
1750516680000,BTCUSDT,103692.3
1750516740000,BTCUSDT,103664.8
1750516800000,BTCUSDT,103657.3
1750516860000,BTCUSDT,103668.7
1750516920000,BTCUSDT,103663.6
1750516980000,BTCUSDT,103642.0
1750517040000,BTCUSDT,103644.1
1750517100000,BTCUSDT,103505.4
1750517160000,BTCUSDT,103472.0
1750517220000,BTCUSDT,103482.3
1750517280000,BTCUSDT,103470.1
1750517340000,BTCUSDT,103443.1
1750517400000,BTCUSDT,103446.9
1750517460000,BTCUSDT,103406.4
1750517520000,BTCUSDT,103436.0
1750517580000,BTCUSDT,103425.6
1750517640000,BTCUSDT,103441.5
1750517700000,BTCUSDT,103422.0
1750517760000,BTCUSDT,103446.5
1750517820000,BTCUSDT,103462.0
1750517880000,BTCUSDT,103465.5
1750517940000,BTCUSDT,103507.3
1750518000000,BTCUSDT,103626.9
1750518060000,BTCUSDT,103625.9
1750518120000,BTCUSDT,103596.9
1750518180000,BTCUSDT,103614.8
1750518240000,BTCUSDT,103590.0
1750518300000,BTCUSDT,103611.9
1750518360000,BTCUSDT,103579.0
1750518420000,BTCUSDT,103580.0
1750518480000,BTCUSDT,103554.1
1750518540000,BTCUSDT,103570.5
1750518600000,BTCUSDT,103544.4
1750518660000,BTCUSDT,103539.4
1750518720000,BTCUSDT,103520.8
1750518780000,BTCUSDT,103538.6
1750518840000,BTCUSDT,103555.3
1750518900000,BTCUSDT,103510.7
1750518960000,BTCUSDT,103498.1
1750519020000,BTCUSDT,103487.9
1750519080000,BTCUSDT,103450.0
1750519140000,BTCUSDT,103479.6
1750519200000,BTCUSDT,103479.6
1750519260000,BTCUSDT,103479.5
1750519320000,BTCUSDT,103499.3
1750519380000,BTCUSDT,103472.7
1750519440000,BTCUSDT,103409.3
1750519500000,BTCUSDT,103350.0
1750519560000,BTCUSDT,103381.2
1750519620000,BTCUSDT,103399.6
1750519680000,BTCUSDT,103368.5
1750519740000,BTCUSDT,103355.1
1750519800000,BTCUSDT,103416.0
1750519860000,BTCUSDT,103417.8
1750519920000,BTCUSDT,103416.1
1750519980000,BTCUSDT,103404.5
1750520040000,BTCUSDT,103406.2
1750520100000,BTCUSDT,103380.8
1750520160000,BTCUSDT,103355.7
1750520220000,BTCUSDT,103286.1
1750520280000,BTCUSDT,103257.0
1750520340000,BTCUSDT,103364.8
1750520400000,BTCUSDT,103411.6
1750520460000,BTCUSDT,103421.0
1750520520000,BTCUSDT,103451.9
1750520580000,BTCUSDT,103440.7
1750520640000,BTCUSDT,103480.2
1750520700000,BTCUSDT,103438.7
1750520760000,BTCUSDT,103443.7
1750520820000,BTCUSDT,103377.8
1750520880000,BTCUSDT,103397.4
1750520940000,BTCUSDT,103382.1
1750521000000,BTCUSDT,103372.2
1750521060000,BTCUSDT,103409.6
1750521120000,BTCUSDT,103465.1
1750521180000,BTCUSDT,103465.0
1750521240000,BTCUSDT,103502.7
1750521300000,BTCUSDT,103534.4
1750521360000,BTCUSDT,103537.8
1750521420000,BTCUSDT,103537.9
1750521480000,BTCUSDT,103534.8
1750521540000,BTCUSDT,103516.7
1750521600000,BTCUSDT,103492.3
1750521660000,BTCUSDT,103549.7
1750521720000,BTCUSDT,103550.0
1750521780000,BTCUSDT,103550.6
1750521840000,BTCUSDT,103492.3
1750521900000,BTCUSDT,103463.0
1750521960000,BTCUSDT,103434.4
1750522020000,BTCUSDT,103434.4
1750522080000,BTCUSDT,103487.9
1750522140000,BTCUSDT,103483.2
1750522200000,BTCUSDT,103493.7
1750522260000,BTCUSDT,103528.8
1750522320000,BTCUSDT,103524.1
1750522380000,BTCUSDT,103524.1
1750522440000,BTCUSDT,103524.1
1750522500000,BTCUSDT,103539.6
1750522560000,BTCUSDT,103573.5
1750522620000,BTCUSDT,103555.0
1750522680000,BTCUSDT,103559.7
1750522740000,BTCUSDT,103570.0
1750522800000,BTCUSDT,103574.4
1750522860000,BTCUSDT,103574.4
1750522920000,BTCUSDT,103558.3
1750522980000,BTCUSDT,103599.9
1750523040000,BTCUSDT,103587.9
1750523100000,BTCUSDT,103592.6
1750523160000,BTCUSDT,103597.2
1750523220000,BTCUSDT,103572.5
1750523280000,BTCUSDT,103592.6
1750523340000,BTCUSDT,103599.9
1750523400000,BTCUSDT,103590.3
1750523460000,BTCUSDT,103590.0
1750523520000,BTCUSDT,103532.5
1750523580000,BTCUSDT,103550.8
1750523640000,BTCUSDT,103471.4
1750523700000,BTCUSDT,103484.1
1750523760000,BTCUSDT,103484.2
1750523820000,BTCUSDT,103471.3
1750523880000,BTCUSDT,103486.0
1750523940000,BTCUSDT,103507.8
1750524000000,BTCUSDT,103488.5
1750524060000,BTCUSDT,103478.6
1750524120000,BTCUSDT,103471.9
1750524180000,BTCUSDT,103429.6
1750524240000,BTCUSDT,103428.9
1750524300000,BTCUSDT,103459.0
1750524360000,BTCUSDT,103443.8
1750524420000,BTCUSDT,103469.9
1750524480000,BTCUSDT,103453.9
1750524540000,BTCUSDT,103429.9
1750524600000,BTCUSDT,103429.9
1750524660000,BTCUSDT,103441.7
1750524720000,BTCUSDT,103429.9
1750524780000,BTCUSDT,103476.7
1750524840000,BTCUSDT,103467.0
1750524900000,BTCUSDT,103482.7
1750524960000,BTCUSDT,103500.0
1750525020000,BTCUSDT,103503.8
1750525080000,BTCUSDT,103500.1
1750525140000,BTCUSDT,103443.0
1750525200000,BTCUSDT,103473.6
1750525260000,BTCUSDT,103478.0
1750525320000,BTCUSDT,103477.8
1750525380000,BTCUSDT,103492.2
1750525440000,BTCUSDT,103488.7
1750525500000,BTCUSDT,103492.2
1750525560000,BTCUSDT,103510.0
1750525620000,BTCUSDT,103511.1
1750525680000,BTCUSDT,103467.9
1750525740000,BTCUSDT,103498.9
1750525800000,BTCUSDT,103498.9
1750525860000,BTCUSDT,103475.3
1750525920000,BTCUSDT,103473.6
1750525980000,BTCUSDT,103497.6
1750526040000,BTCUSDT,103498.1
1750526100000,BTCUSDT,103497.3
1750526160000,BTCUSDT,103504.1
1750526220000,BTCUSDT,103504.2
1750526280000,BTCUSDT,103542.1
1750526340000,BTCUSDT,103551.0
1750526400000,BTCUSDT,103511.1
1750526460000,BTCUSDT,103504.2
1750526520000,BTCUSDT,103450.1
1750526580000,BTCUSDT,103425.1
1750526640000,BTCUSDT,103405.1
1750526700000,BTCUSDT,103406.5
1750526760000,BTCUSDT,103383.1
1750526820000,BTCUSDT,103394.4
1750526880000,BTCUSDT,103385.7
1750526940000,BTCUSDT,103333.0
1750527000000,BTCUSDT,103300.0
1750527060000,BTCUSDT,103262.1
1750527120000,BTCUSDT,103312.6
1750527180000,BTCUSDT,103268.0
1750527240000,BTCUSDT,103287.4
1750527300000,BTCUSDT,103256.1
1750527360000,BTCUSDT,103235.2
1750527420000,BTCUSDT,103257.2
1750527480000,BTCUSDT,103239.9
1750527540000,BTCUSDT,103182.4
1750527600000,BTCUSDT,103159.1
1750527660000,BTCUSDT,103157.1
1750527720000,BTCUSDT,103170.0
1750527780000,BTCUSDT,103253.2
1750527840000,BTCUSDT,103248.6
1750527900000,BTCUSDT,103195.2
1750527960000,BTCUSDT,103261.2
1750528020000,BTCUSDT,103258.3
1750528080000,BTCUSDT,103229.5
1750528140000,BTCUSDT,103212.4
1750528200000,BTCUSDT,103197.1
1750528260000,BTCUSDT,103204.7
1750528320000,BTCUSDT,103229.1
1750528380000,BTCUSDT,103215.2
1750528440000,BTCUSDT,103165.7
1750528500000,BTCUSDT,103174.1
1750528560000,BTCUSDT,103191.3
1750528620000,BTCUSDT,103156.0
1750528680000,BTCUSDT,103146.8
1750528740000,BTCUSDT,103144.0
1750528800000,BTCUSDT,103192.3
1750528860000,BTCUSDT,103165.6
1750528920000,BTCUSDT,103193.7
1750528980000,BTCUSDT,103279.2
1750529040000,BTCUSDT,103267.4
1750529100000,BTCUSDT,103292.0
1750529160000,BTCUSDT,103323.7
1750529220000,BTCUSDT,103330.3
1750529280000,BTCUSDT,103353.5
1750529340000,BTCUSDT,103277.2
1750529400000,BTCUSDT,103255.5
1750529460000,BTCUSDT,103344.6
1750529520000,BTCUSDT,103340.5
1750529580000,BTCUSDT,103280.0
1750529640000,BTCUSDT,103315.3
1750529700000,BTCUSDT,103320.5
1750529760000,BTCUSDT,103327.9
1750529820000,BTCUSDT,103305.8
1750529880000,BTCUSDT,103259.2
1750529940000,BTCUSDT,103200.1
1750530000000,BTCUSDT,103231.9
1750530060000,BTCUSDT,103216.7
1750530120000,BTCUSDT,103195.0
1750530180000,BTCUSDT,103164.4
1750530240000,BTCUSDT,103202.5
1750530300000,BTCUSDT,103162.9
1750530360000,BTCUSDT,103165.2
1750530420000,BTCUSDT,103220.8
1750530480000,BTCUSDT,103233.5
1750530540000,BTCUSDT,103207.9
1750530600000,BTCUSDT,103182.8
1750530660000,BTCUSDT,103163.1
1750530720000,BTCUSDT,103169.4
1750530780000,BTCUSDT,103205.0
1750530840000,BTCUSDT,103208.3
1750530900000,BTCUSDT,103198.1
1750530960000,BTCUSDT,103265.0
1750531020000,BTCUSDT,103291.2
1750531080000,BTCUSDT,103346.6
1750531140000,BTCUSDT,103326.9
1750531200000,BTCUSDT,103318.4
1750531260000,BTCUSDT,103254.6
1750531320000,BTCUSDT,103156.0
1750531380000,BTCUSDT,103119.0
1750531440000,BTCUSDT,103100.5
1750531500000,BTCUSDT,103031.5
1750531560000,BTCUSDT,103010.2
1750531620000,BTCUSDT,103027.0
1750531680000,BTCUSDT,103046.9
1750531740000,BTCUSDT,103030.0
1750531800000,BTCUSDT,103030.0
1750531860000,BTCUSDT,103000.0
1750531920000,BTCUSDT,102964.9
1750531980000,BTCUSDT,102944.2
1750532040000,BTCUSDT,102885.3
1750532100000,BTCUSDT,102870.5
1750532160000,BTCUSDT,102724.8
1750532220000,BTCUSDT,102673.2
1750532280000,BTCUSDT,102611.1
1750532340000,BTCUSDT,102620.8
1750532400000,BTCUSDT,102578.9
1750532460000,BTCUSDT,102568.7
1750532520000,BTCUSDT,102570.8
1750532580000,BTCUSDT,102517.7
1750532640000,BTCUSDT,102536.5
1750532700000,BTCUSDT,102639.0
1750532760000,BTCUSDT,102671.5
1750532820000,BTCUSDT,102637.3
1750532880000,BTCUSDT,102663.0
1750532940000,BTCUSDT,102650.7
1750533000000,BTCUSDT,102513.2
1750533060000,BTCUSDT,102453.9
1750533120000,BTCUSDT,102499.4
1750533180000,BTCUSDT,102542.3
1750533240000,BTCUSDT,102572.9
1750533300000,BTCUSDT,102477.0
1750533360000,BTCUSDT,102493.7
1750533420000,BTCUSDT,102507.9
1750533480000,BTCUSDT,102502.5
1750533540000,BTCUSDT,102559.3
1750533600000,BTCUSDT,102571.6
1750533660000,BTCUSDT,102529.2
1750533720000,BTCUSDT,102578.0
1750533780000,BTCUSDT,102483.8
1750533840000,BTCUSDT,102476.3
1750533900000,BTCUSDT,102530.7
1750533960000,BTCUSDT,102491.2
1750534020000,BTCUSDT,102489.9
1750534080000,BTCUSDT,102468.1
1750534140000,BTCUSDT,102444.7
1750534200000,BTCUSDT,102504.6
1750534260000,BTCUSDT,102470.0
1750534320000,BTCUSDT,102454.5
1750534380000,BTCUSDT,102493.8
1750534440000,BTCUSDT,102453.9
1750534500000,BTCUSDT,102371.4
1750534560000,BTCUSDT,102371.1
1750534620000,BTCUSDT,102350.2
1750534680000,BTCUSDT,102354.9
1750534740000,BTCUSDT,102360.1
1750534800000,BTCUSDT,102353.0
1750534860000,BTCUSDT,102347.4
1750534920000,BTCUSDT,102437.8
1750534980000,BTCUSDT,102380.1
1750535040000,BTCUSDT,102372.2
1750535100000,BTCUSDT,102276.6
1750535160000,BTCUSDT,102327.7
1750535220000,BTCUSDT,102386.4
1750535280000,BTCUSDT,102380.1
1750535340000,BTCUSDT,102375.6
1750535400000,BTCUSDT,102429.3
1750535460000,BTCUSDT,102339.5
1750535520000,BTCUSDT,102284.9
1750535580000,BTCUSDT,102304.3
1750535640000,BTCUSDT,102262.8
1750535700000,BTCUSDT,102255.1
1750535760000,BTCUSDT,102279.9
1750535820000,BTCUSDT,102229.4
1750535880000,BTCUSDT,102208.7
1750535940000,BTCUSDT,102207.5
1750536000000,BTCUSDT,102255.6
1750536060000,BTCUSDT,102255.3
1750536120000,BTCUSDT,102211.2
1750536180000,BTCUSDT,102182.8
1750536240000,BTCUSDT,102213.0
1750536300000,BTCUSDT,102333.0
1750536360000,BTCUSDT,102260.4
1750536420000,BTCUSDT,102267.4
1750536480000,BTCUSDT,102237.0
1750536540000,BTCUSDT,102233.5
1750536600000,BTCUSDT,102443.3
1750536660000,BTCUSDT,102354.2
1750536720000,BTCUSDT,102397.9
1750536780000,BTCUSDT,102416.1
1750536840000,BTCUSDT,102408.6
1750536900000,BTCUSDT,102345.8
1750536960000,BTCUSDT,102331.7
1750537020000,BTCUSDT,102320.4
1750537080000,BTCUSDT,102240.4
1750537140000,BTCUSDT,102267.5
1750537200000,BTCUSDT,102230.2
1750537260000,BTCUSDT,102273.1
1750537320000,BTCUSDT,102300.8
1750537380000,BTCUSDT,102313.1
1750537440000,BTCUSDT,102317.4
1750537500000,BTCUSDT,102300.6
1750537560000,BTCUSDT,102317.1
1750537620000,BTCUSDT,102358.8
1750537680000,BTCUSDT,102443.5
1750537740000,BTCUSDT,102382.2
1750537800000,BTCUSDT,102402.9
1750537860000,BTCUSDT,102477.0
1750537920000,BTCUSDT,102575.4
1750537980000,BTCUSDT,102539.8
1750538040000,BTCUSDT,102472.3
1750538100000,BTCUSDT,102592.8
1750538160000,BTCUSDT,102530.6
1750538220000,BTCUSDT,102583.2
1750538280000,BTCUSDT,102576.5
1750538340000,BTCUSDT,102566.2
1750538400000,BTCUSDT,102544.8
1750538460000,BTCUSDT,102512.2
1750538520000,BTCUSDT,102561.0
1750538580000,BTCUSDT,102619.7
1750538640000,BTCUSDT,102657.5
1750538700000,BTCUSDT,102631.4
1750538760000,BTCUSDT,102681.7
1750538820000,BTCUSDT,102623.7
1750538880000,BTCUSDT,102672.9
1750538940000,BTCUSDT,102615.0
1750539000000,BTCUSDT,102639.8
1750539060000,BTCUSDT,102661.6
1750539120000,BTCUSDT,102641.5
1750539180000,BTCUSDT,102834.9
1750539240000,BTCUSDT,102790.1
1750539300000,BTCUSDT,102780.0
1750539360000,BTCUSDT,102829.3
1750539420000,BTCUSDT,102794.3
1750539480000,BTCUSDT,102774.0
1750539540000,BTCUSDT,102724.5
1750539600000,BTCUSDT,102765.5
1750539660000,BTCUSDT,102688.0
1750539720000,BTCUSDT,102646.3
1750539780000,BTCUSDT,102637.2
1750539840000,BTCUSDT,102662.1
1750539900000,BTCUSDT,102575.9
1750539960000,BTCUSDT,102567.5
1750540020000,BTCUSDT,102559.0
1750540080000,BTCUSDT,102500.0
1750540140000,BTCUSDT,102503.5
1750540200000,BTCUSDT,102492.6
1750540260000,BTCUSDT,102524.3
1750540320000,BTCUSDT,102492.1
1750540380000,BTCUSDT,102503.9
1750540440000,BTCUSDT,102446.2
1750540500000,BTCUSDT,102368.7
1750540560000,BTCUSDT,102414.2
1750540620000,BTCUSDT,102488.0
1750540680000,BTCUSDT,102513.1
1750540740000,BTCUSDT,102492.8
1750540800000,BTCUSDT,102464.1
1750540860000,BTCUSDT,102411.9
1750540920000,BTCUSDT,102406.7
1750540980000,BTCUSDT,102334.8
1750541040000,BTCUSDT,101512.4
1750541100000,BTCUSDT,101781.5
1750541160000,BTCUSDT,102041.9
1750541220000,BTCUSDT,101730.0
1750541280000,BTCUSDT,101887.6
1750541340000,BTCUSDT,101771.5
1750541400000,BTCUSDT,101678.8
1750541460000,BTCUSDT,101200.1
1750541520000,BTCUSDT,101321.5
1750541580000,BTCUSDT,101265.0
1750541640000,BTCUSDT,101210.0
1750541700000,BTCUSDT,101356.8
1750541760000,BTCUSDT,101423.7
1750541820000,BTCUSDT,101401.0
1750541880000,BTCUSDT,101326.8
1750541940000,BTCUSDT,101357.3
1750542000000,BTCUSDT,101503.0
1750542060000,BTCUSDT,101681.3
1750542120000,BTCUSDT,101685.0
1750542180000,BTCUSDT,101699.9
1750542240000,BTCUSDT,101770.6
1750542300000,BTCUSDT,101463.8
1750542360000,BTCUSDT,101559.3
1750542420000,BTCUSDT,101577.7
1750542480000,BTCUSDT,101633.0
1750542540000,BTCUSDT,101734.5
1750542600000,BTCUSDT,101615.3
1750542660000,BTCUSDT,101599.4
1750542720000,BTCUSDT,101672.7
1750542780000,BTCUSDT,101678.3
1750542840000,BTCUSDT,101701.9
1750542900000,BTCUSDT,101560.5
1750542960000,BTCUSDT,101399.9
1750543020000,BTCUSDT,101513.2
1750543080000,BTCUSDT,101492.8
1750543140000,BTCUSDT,101392.7
1750543200000,BTCUSDT,101448.0
1750543260000,BTCUSDT,101600.0
1750543320000,BTCUSDT,101603.1
1750543380000,BTCUSDT,101559.0
1750543440000,BTCUSDT,101585.0
1750543500000,BTCUSDT,101659.7
1750543560000,BTCUSDT,101676.1
1750543620000,BTCUSDT,101752.3
1750543680000,BTCUSDT,101916.2
1750543740000,BTCUSDT,101891.4
1750543800000,BTCUSDT,101866.4
1750543860000,BTCUSDT,101784.6
1750543920000,BTCUSDT,101801.9
1750543980000,BTCUSDT,101789.6
1750544040000,BTCUSDT,101831.0
1750544100000,BTCUSDT,101759.5
1750544160000,BTCUSDT,101712.5
1750544220000,BTCUSDT,101719.9
1750544280000,BTCUSDT,101700.3
1750544340000,BTCUSDT,101692.4
1750544400000,BTCUSDT,101779.9
1750544460000,BTCUSDT,101848.6
1750544520000,BTCUSDT,101850.1
1750544580000,BTCUSDT,101835.0
1750544640000,BTCUSDT,101826.4
1750544700000,BTCUSDT,101889.5
1750544760000,BTCUSDT,101930.1
1750544820000,BTCUSDT,101910.3
1750544880000,BTCUSDT,101910.1
1750544940000,BTCUSDT,101842.1
1750545000000,BTCUSDT,101861.3
1750545060000,BTCUSDT,101869.5
1750545120000,BTCUSDT,101833.8
1750545180000,BTCUSDT,101860.0
1750545240000,BTCUSDT,101800.0
1750545300000,BTCUSDT,101814.2
1750545360000,BTCUSDT,101835.7
1750545420000,BTCUSDT,101827.5
1750545480000,BTCUSDT,101737.6
1750545540000,BTCUSDT,101724.9
1750545600000,BTCUSDT,101691.1
1750545660000,BTCUSDT,101705.4
1750545720000,BTCUSDT,101700.1
1750545780000,BTCUSDT,101614.0
1750545840000,BTCUSDT,101639.3
1750545900000,BTCUSDT,101603.7
1750545960000,BTCUSDT,101587.5
1750546020000,BTCUSDT,101651.2
1750546080000,BTCUSDT,101634.5
1750546140000,BTCUSDT,101610.7
1750546200000,BTCUSDT,101799.6
1750546260000,BTCUSDT,101731.3
1750546320000,BTCUSDT,101781.1
1750546380000,BTCUSDT,101789.4
1750546440000,BTCUSDT,101750.0
1750546500000,BTCUSDT,101781.6
1750546560000,BTCUSDT,101728.9
1750546620000,BTCUSDT,101770.0
1750546680000,BTCUSDT,101739.0
1750546740000,BTCUSDT,101732.4
1750546800000,BTCUSDT,101796.6
1750546860000,BTCUSDT,101770.0
1750546920000,BTCUSDT,101650.8
1750546980000,BTCUSDT,101635.9
1750547040000,BTCUSDT,101622.7
1750547100000,BTCUSDT,101636.2
1750547160000,BTCUSDT,101668.0
1750547220000,BTCUSDT,101620.2
1750547280000,BTCUSDT,101609.2
1750547340000,BTCUSDT,101556.4
1750547400000,BTCUSDT,101579.9
1750547460000,BTCUSDT,101589.1
1750547520000,BTCUSDT,101622.1
1750547580000,BTCUSDT,101557.9
1750547640000,BTCUSDT,101546.5
1750547700000,BTCUSDT,101624.1
1750547760000,BTCUSDT,101602.9
1750547820000,BTCUSDT,101546.2
1750547880000,BTCUSDT,101400.1
1750547940000,BTCUSDT,101455.0
1750548000000,BTCUSDT,101497.6
1750548060000,BTCUSDT,101477.5
1750548120000,BTCUSDT,101441.4
1750548180000,BTCUSDT,101355.4
1750548240000,BTCUSDT,101401.1
1750548300000,BTCUSDT,101377.7
1750548360000,BTCUSDT,101348.1
1750548420000,BTCUSDT,101478.8
1750548480000,BTCUSDT,101393.5
1750548540000,BTCUSDT,101374.8
1750548600000,BTCUSDT,101159.5
1750548660000,BTCUSDT,101244.7
1750548720000,BTCUSDT,101283.6
1750548780000,BTCUSDT,101200.0
1750548840000,BTCUSDT,100960.9
1750548900000,BTCUSDT,101251.0
1750548960000,BTCUSDT,101242.5
1750549020000,BTCUSDT,101251.8
1750549080000,BTCUSDT,101252.0
1750549140000,BTCUSDT,101234.9
1750549200000,BTCUSDT,101214.7
1750549260000,BTCUSDT,101126.0
1750549320000,BTCUSDT,101220.7
1750549380000,BTCUSDT,101210.8
1750549440000,BTCUSDT,101152.9
1750549500000,BTCUSDT,101131.8
1750549560000,BTCUSDT,101128.2
1750549620000,BTCUSDT,100927.7
1750549680000,BTCUSDT,101209.7
1750549740000,BTCUSDT,101651.0
1750549800000,BTCUSDT,101479.5
1750549860000,BTCUSDT,101471.5
1750549920000,BTCUSDT,101396.0
1750549980000,BTCUSDT,101354.6
1750550040000,BTCUSDT,101624.4
1750550100000,BTCUSDT,101673.8
1750550160000,BTCUSDT,101899.9
1750550220000,BTCUSDT,102185.5
1750550280000,BTCUSDT,102113.3
1750550340000,BTCUSDT,102079.8
1750550400000,BTCUSDT,102231.8
1750550460000,BTCUSDT,102269.5
1750550520000,BTCUSDT,102212.4
1750550580000,BTCUSDT,102469.8
1750550640000,BTCUSDT,102504.9
1750550700000,BTCUSDT,102276.2
1750550760000,BTCUSDT,102403.1
1750550820000,BTCUSDT,102142.4
1750550880000,BTCUSDT,102115.3
1750550940000,BTCUSDT,102000.0
1750551000000,BTCUSDT,101855.9
1750551060000,BTCUSDT,101969.2
1750551120000,BTCUSDT,101859.6
1750551180000,BTCUSDT,102038.2
1750551240000,BTCUSDT,101936.2
1750551300000,BTCUSDT,102025.8
1750551360000,BTCUSDT,102163.2
1750551420000,BTCUSDT,102034.2
1750551480000,BTCUSDT,102190.0
1750551540000,BTCUSDT,102347.7
1750551600000,BTCUSDT,102310.0
1750551660000,BTCUSDT,102481.1
1750551720000,BTCUSDT,102607.1
1750551780000,BTCUSDT,102630.7
1750551840000,BTCUSDT,102513.7
1750551900000,BTCUSDT,102452.7
1750551960000,BTCUSDT,102382.8
1750552020000,BTCUSDT,102376.4
1750552080000,BTCUSDT,102398.0
1750552140000,BTCUSDT,102446.5
1750552200000,BTCUSDT,102524.1
1750552260000,BTCUSDT,102599.3
1750552320000,BTCUSDT,102799.9
1750552380000,BTCUSDT,102882.0
1750552440000,BTCUSDT,103054.5
1750552500000,BTCUSDT,103075.0
1750552560000,BTCUSDT,103288.6
1750552620000,BTCUSDT,103179.9
1750552680000,BTCUSDT,103077.7
1750552740000,BTCUSDT,102895.8
1750552800000,BTCUSDT,103000.3
1750552860000,BTCUSDT,102938.0
1750552920000,BTCUSDT,102894.5
1750552980000,BTCUSDT,102875.8
1750553040000,BTCUSDT,102878.0
1750553100000,BTCUSDT,102921.1
1750553160000,BTCUSDT,103154.2
1750553220000,BTCUSDT,102922.4
1750553280000,BTCUSDT,102810.8
1750553340000,BTCUSDT,102805.5
1750553400000,BTCUSDT,102842.9
1750553460000,BTCUSDT,102965.7
1750553520000,BTCUSDT,102967.0
1750553580000,BTCUSDT,102869.7
1750553640000,BTCUSDT,102936.9
1750553700000,BTCUSDT,102918.9
1750553760000,BTCUSDT,102784.4
1750553820000,BTCUSDT,102766.8
1750553880000,BTCUSDT,102799.0
1750553940000,BTCUSDT,102815.2
1750554000000,BTCUSDT,102737.0
1750554060000,BTCUSDT,102727.7
1750554120000,BTCUSDT,102698.6
1750554180000,BTCUSDT,102844.1
1750554240000,BTCUSDT,102911.1
1750554300000,BTCUSDT,102880.0
1750554360000,BTCUSDT,102841.6
1750554420000,BTCUSDT,102936.2
1750554480000,BTCUSDT,102918.0
1750554540000,BTCUSDT,102850.0
1750554600000,BTCUSDT,102892.1
1750554660000,BTCUSDT,102828.4
1750554720000,BTCUSDT,102800.7
1750554780000,BTCUSDT,102831.8
1750554840000,BTCUSDT,102753.2
1750554900000,BTCUSDT,102777.0
1750554960000,BTCUSDT,102584.9
1750555020000,BTCUSDT,102579.0
1750555080000,BTCUSDT,102531.0
1750555140000,BTCUSDT,102525.4
1750555200000,BTCUSDT,102575.9
1750555260000,BTCUSDT,102554.9
1750555320000,BTCUSDT,102518.5
1750555380000,BTCUSDT,102500.6
1750555440000,BTCUSDT,102531.8
1750555500000,BTCUSDT,102571.1
1750555560000,BTCUSDT,102542.0
1750555620000,BTCUSDT,102569.8
1750555680000,BTCUSDT,102500.1
1750555740000,BTCUSDT,102538.3
1750555800000,BTCUSDT,102499.7
1750555860000,BTCUSDT,102400.1
1750555920000,BTCUSDT,102431.9
1750555980000,BTCUSDT,102362.1
1750556040000,BTCUSDT,102241.9
1750556100000,BTCUSDT,102250.7
1750556160000,BTCUSDT,102317.1
1750556220000,BTCUSDT,102235.0
1750556280000,BTCUSDT,102204.2
1750556340000,BTCUSDT,102388.5
1750556400000,BTCUSDT,102374.0
1750556460000,BTCUSDT,102454.1
1750556520000,BTCUSDT,102480.0
1750556580000,BTCUSDT,102567.1
1750556640000,BTCUSDT,102567.9
1750556700000,BTCUSDT,102500.0
1750556760000,BTCUSDT,102459.9
1750556820000,BTCUSDT,102532.0
1750556880000,BTCUSDT,102632.0
1750556940000,BTCUSDT,102601.6
1750557000000,BTCUSDT,102612.5
1750557060000,BTCUSDT,102564.0
1750557120000,BTCUSDT,102549.9
1750557180000,BTCUSDT,102632.5
1750557240000,BTCUSDT,102437.8
1750557300000,BTCUSDT,102481.9
1750557360000,BTCUSDT,102384.0
1750557420000,BTCUSDT,102400.1
1750557480000,BTCUSDT,102348.7
1750557540000,BTCUSDT,102360.1
1750557600000,BTCUSDT,102357.5
1750557660000,BTCUSDT,102345.4
1750557720000,BTCUSDT,102429.5
1750557780000,BTCUSDT,102611.0
1750557840000,BTCUSDT,102809.9
1750557900000,BTCUSDT,102574.0
1750557960000,BTCUSDT,102349.6
1750558020000,BTCUSDT,102269.6
1750558080000,BTCUSDT,102189.2
1750558140000,BTCUSDT,102155.0
1750558200000,BTCUSDT,101904.6
1750558260000,BTCUSDT,102228.9
1750558320000,BTCUSDT,102342.4
1750558380000,BTCUSDT,102407.2
1750558440000,BTCUSDT,102378.4
1750558500000,BTCUSDT,102180.9
1750558560000,BTCUSDT,102179.9
1750558620000,BTCUSDT,102174.4
1750558680000,BTCUSDT,102058.2
1750558740000,BTCUSDT,102076.8
1750558800000,BTCUSDT,102095.1
1750558860000,BTCUSDT,102085.2
1750558920000,BTCUSDT,102120.0
1750558980000,BTCUSDT,102050.0
1750559040000,BTCUSDT,102200.1
1750559100000,BTCUSDT,102066.4
1750559160000,BTCUSDT,102011.3
1750559220000,BTCUSDT,102056.7
1750559280000,BTCUSDT,102244.8
1750559340000,BTCUSDT,102158.8
1750559400000,BTCUSDT,102029.6
1750559460000,BTCUSDT,102016.1
1750559520000,BTCUSDT,101959.1
1750559580000,BTCUSDT,102118.8
1750559640000,BTCUSDT,101997.7
1750559700000,BTCUSDT,101980.1
1750559760000,BTCUSDT,102117.5
1750559820000,BTCUSDT,101996.8
1750559880000,BTCUSDT,102127.6
1750559940000,BTCUSDT,102007.1
1750560000000,BTCUSDT,102061.3
1750560060000,BTCUSDT,102162.1
1750560120000,BTCUSDT,102139.7
1750560180000,BTCUSDT,102269.5
1750560240000,BTCUSDT,102337.1
1750560300000,BTCUSDT,102273.1
1750560360000,BTCUSDT,102455.0
1750560420000,BTCUSDT,102255.3
1750560480000,BTCUSDT,102348.0
1750560540000,BTCUSDT,102345.7
1750560600000,BTCUSDT,102490.1
1750560660000,BTCUSDT,102318.9
1750560720000,BTCUSDT,102369.4
1750560780000,BTCUSDT,102415.5
1750560840000,BTCUSDT,102297.6
1750560900000,BTCUSDT,102350.1
1750560960000,BTCUSDT,102372.6
1750561020000,BTCUSDT,102381.3
1750561080000,BTCUSDT,102374.9
1750561140000,BTCUSDT,102310.1
1750561200000,BTCUSDT,102394.8
1750561260000,BTCUSDT,102437.3
1750561320000,BTCUSDT,102423.7
1750561380000,BTCUSDT,102470.0
1750561440000,BTCUSDT,102466.0
1750561500000,BTCUSDT,102450.1
1750561560000,BTCUSDT,102472.2
1750561620000,BTCUSDT,102493.7
1750561680000,BTCUSDT,102497.4
1750561740000,BTCUSDT,102541.9
1750561800000,BTCUSDT,102460.0
1750561860000,BTCUSDT,102473.9
1750561920000,BTCUSDT,102466.1
1750561980000,BTCUSDT,102497.6
1750562040000,BTCUSDT,102337.2
1750562100000,BTCUSDT,102424.7
1750562160000,BTCUSDT,102373.5
1750562220000,BTCUSDT,102398.2
1750562280000,BTCUSDT,102331.2
1750562340000,BTCUSDT,102345.7
1750562400000,BTCUSDT,102214.8
1750562460000,BTCUSDT,102229.0
1750562520000,BTCUSDT,102209.3
1750562580000,BTCUSDT,102250.3
1750562640000,BTCUSDT,102188.3
1750562700000,BTCUSDT,102192.5
1750562760000,BTCUSDT,102131.1
1750562820000,BTCUSDT,102161.0
1750562880000,BTCUSDT,102132.6
1750562940000,BTCUSDT,102126.9
1750563000000,BTCUSDT,102132.9
1750563060000,BTCUSDT,102204.0
1750563120000,BTCUSDT,102114.5
1750563180000,BTCUSDT,102145.8
1750563240000,BTCUSDT,102140.1
1750563300000,BTCUSDT,102272.7
1750563360000,BTCUSDT,102295.8
1750563420000,BTCUSDT,102245.0
1750563480000,BTCUSDT,102250.0
1750563540000,BTCUSDT,102211.3
1750563600000,BTCUSDT,102199.1
1750563660000,BTCUSDT,102160.7
1750563720000,BTCUSDT,102104.3
1750563780000,BTCUSDT,102090.7
1750563840000,BTCUSDT,102183.6
1750563900000,BTCUSDT,102182.7
1750563960000,BTCUSDT,102116.0
1750564020000,BTCUSDT,102148.1
1750564080000,BTCUSDT,102120.2
1750564140000,BTCUSDT,102093.7
1750564200000,BTCUSDT,102148.2
1750564260000,BTCUSDT,102097.2
1750564320000,BTCUSDT,102111.3
1750564380000,BTCUSDT,102167.8
1750564440000,BTCUSDT,102158.9
1750564500000,BTCUSDT,102129.7
1750564560000,BTCUSDT,102203.3
1750564620000,BTCUSDT,102280.0
1750564680000,BTCUSDT,102331.6
1750564740000,BTCUSDT,102340.0
1750564800000,BTCUSDT,102310.8
1750564860000,BTCUSDT,102284.4
1750564920000,BTCUSDT,102286.1
1750564980000,BTCUSDT,102254.3
1750565040000,BTCUSDT,102326.6
1750565100000,BTCUSDT,102356.3
1750565160000,BTCUSDT,102433.0
1750565220000,BTCUSDT,102408.0
1750565280000,BTCUSDT,102467.0
1750565340000,BTCUSDT,102685.4
1750565400000,BTCUSDT,102595.3
1750565460000,BTCUSDT,102534.4
1750565520000,BTCUSDT,102588.4
1750565580000,BTCUSDT,102537.8
1750565640000,BTCUSDT,102606.6
1750565700000,BTCUSDT,102518.7
1750565760000,BTCUSDT,102492.3
1750565820000,BTCUSDT,102487.9
1750565880000,BTCUSDT,102515.1
1750565940000,BTCUSDT,102595.7
1750566000000,BTCUSDT,102529.5
1750566060000,BTCUSDT,102483.2
1750566120000,BTCUSDT,102499.4
1750566180000,BTCUSDT,102529.0
1750566240000,BTCUSDT,102415.4
1750566300000,BTCUSDT,102483.0
1750566360000,BTCUSDT,102449.9
1750566420000,BTCUSDT,102441.9
1750566480000,BTCUSDT,102423.8
1750566540000,BTCUSDT,102477.2
1750566600000,BTCUSDT,102580.9
1750566660000,BTCUSDT,102615.6
1750566720000,BTCUSDT,102551.4
1750566780000,BTCUSDT,102610.0
1750566840000,BTCUSDT,102590.2
1750566900000,BTCUSDT,102552.4
1750566960000,BTCUSDT,102540.0
1750567020000,BTCUSDT,102514.1
1750567080000,BTCUSDT,102517.3
1750567140000,BTCUSDT,102436.0
1750567200000,BTCUSDT,102423.2
1750567260000,BTCUSDT,102410.4
1750567320000,BTCUSDT,102404.9
1750567380000,BTCUSDT,102379.9
1750567440000,BTCUSDT,102383.2
1750567500000,BTCUSDT,102382.8
1750567560000,BTCUSDT,102448.7
1750567620000,BTCUSDT,102469.9
1750567680000,BTCUSDT,102520.4
1750567740000,BTCUSDT,102470.0
1750567800000,BTCUSDT,102451.8
1750567860000,BTCUSDT,102471.7
1750567920000,BTCUSDT,102465.8
1750567980000,BTCUSDT,102525.8
1750568040000,BTCUSDT,102525.5
1750568100000,BTCUSDT,102559.4
1750568160000,BTCUSDT,102567.4
1750568220000,BTCUSDT,102593.2
1750568280000,BTCUSDT,102575.0
1750568340000,BTCUSDT,102508.5
1750568400000,BTCUSDT,102540.9
1750568460000,BTCUSDT,102554.4
1750568520000,BTCUSDT,102560.7
1750568580000,BTCUSDT,102714.6
1750568640000,BTCUSDT,102705.1
1750568700000,BTCUSDT,102754.4
1750568760000,BTCUSDT,102699.0
1750568820000,BTCUSDT,102700.3
1750568880000,BTCUSDT,102700.0
1750568940000,BTCUSDT,102705.9
1750569000000,BTCUSDT,102702.7
1750569060000,BTCUSDT,102639.5
1750569120000,BTCUSDT,102666.7
1750569180000,BTCUSDT,102664.4
1750569240000,BTCUSDT,102688.2
1750569300000,BTCUSDT,102776.8
1750569360000,BTCUSDT,102822.9
1750569420000,BTCUSDT,102754.6
1750569480000,BTCUSDT,102764.1
1750569540000,BTCUSDT,102870.3
1750423200000,BTCUSDT,106041.0
1750423260000,BTCUSDT,105960.1
1750423320000,BTCUSDT,106010.0
1750423380000,BTCUSDT,105950.0
1750423440000,BTCUSDT,105940.0
1750423500000,BTCUSDT,105956.2
1750423560000,BTCUSDT,105959.8
1750423620000,BTCUSDT,105993.9
1750423680000,BTCUSDT,105986.5
1750423740000,BTCUSDT,105990.1
1750423800000,BTCUSDT,105982.5
1750423860000,BTCUSDT,106032.6
1750423920000,BTCUSDT,105982.4
1750423980000,BTCUSDT,105963.0
1750424040000,BTCUSDT,105938.4
1750424100000,BTCUSDT,105905.0
1750424160000,BTCUSDT,105952.3
1750424220000,BTCUSDT,105930.4
1750424280000,BTCUSDT,105934.7
1750424340000,BTCUSDT,105931.7
1750424400000,BTCUSDT,105999.8
1750424460000,BTCUSDT,106017.2
1750424520000,BTCUSDT,106034.2
1750424580000,BTCUSDT,106039.5
1750424640000,BTCUSDT,106111.8
1750424700000,BTCUSDT,106073.7
1750424760000,BTCUSDT,106075.9
1750424820000,BTCUSDT,106069.0
1750424880000,BTCUSDT,106049.3
1750424940000,BTCUSDT,106086.7
1750425000000,BTCUSDT,106063.0
1750425060000,BTCUSDT,106084.7
1750425120000,BTCUSDT,106080.4
1750425180000,BTCUSDT,106062.9
1750425240000,BTCUSDT,105994.9
1750425300000,BTCUSDT,105965.7
1750425360000,BTCUSDT,105950.1
1750425420000,BTCUSDT,105944.1
1750425480000,BTCUSDT,105999.2
1750425540000,BTCUSDT,105972.5
1750425600000,BTCUSDT,105953.3
1750425660000,BTCUSDT,105980.2
1750425720000,BTCUSDT,106018.4
1750425780000,BTCUSDT,105963.2
1750425840000,BTCUSDT,105945.2
1750425900000,BTCUSDT,105974.0
1750425960000,BTCUSDT,105942.6
1750426020000,BTCUSDT,105958.4
1750426080000,BTCUSDT,105904.3
1750426140000,BTCUSDT,106000.0
1750426200000,BTCUSDT,106066.3
1750426260000,BTCUSDT,105940.9
1750426320000,BTCUSDT,105953.2
1750426380000,BTCUSDT,105868.0
1750426440000,BTCUSDT,105886.2
1750426500000,BTCUSDT,105838.7
1750426560000,BTCUSDT,105770.9
1750426620000,BTCUSDT,105691.0
1750426680000,BTCUSDT,105705.7
1750426740000,BTCUSDT,105894.8
1750426800000,BTCUSDT,105810.0
1750426860000,BTCUSDT,105864.1
1750426920000,BTCUSDT,105849.1
1750426980000,BTCUSDT,105908.8
1750427040000,BTCUSDT,105833.0
1750427100000,BTCUSDT,105726.6
1750427160000,BTCUSDT,105737.4
1750427220000,BTCUSDT,105673.3
1750427280000,BTCUSDT,105509.3
1750427340000,BTCUSDT,105528.7
1750427400000,BTCUSDT,105494.7
1750427460000,BTCUSDT,105401.6
1750427520000,BTCUSDT,105449.6
1750427580000,BTCUSDT,105499.9
1750427640000,BTCUSDT,105586.1
1750427700000,BTCUSDT,105658.0
1750427760000,BTCUSDT,105623.6
1750427820000,BTCUSDT,105673.4
1750427880000,BTCUSDT,105552.6
1750427940000,BTCUSDT,105607.7
1750428000000,BTCUSDT,105575.4
1750428060000,BTCUSDT,105575.0
1750428120000,BTCUSDT,105687.0
1750428180000,BTCUSDT,105694.4
1750428240000,BTCUSDT,105697.4
1750428300000,BTCUSDT,105656.8
1750428360000,BTCUSDT,105665.2
1750428420000,BTCUSDT,105593.3
1750428480000,BTCUSDT,105522.8
1750428540000,BTCUSDT,105545.3
1750428600000,BTCUSDT,105450.9
1750428660000,BTCUSDT,105449.4
1750428720000,BTCUSDT,105539.9
1750428780000,BTCUSDT,105456.2
1750428840000,BTCUSDT,105448.7
1750428900000,BTCUSDT,105486.8
1750428960000,BTCUSDT,105465.6
1750429020000,BTCUSDT,105398.1
1750429080000,BTCUSDT,105423.5
1750429140000,BTCUSDT,105566.4
1750429200000,BTCUSDT,105633.5
1750429260000,BTCUSDT,105590.1
1750429320000,BTCUSDT,105555.8
1750429380000,BTCUSDT,105327.1
1750429440000,BTCUSDT,105140.2
1750429500000,BTCUSDT,105174.2
1750429560000,BTCUSDT,105090.1
1750429620000,BTCUSDT,105189.4
1750429680000,BTCUSDT,105222.4
1750429740000,BTCUSDT,105235.0
1750429800000,BTCUSDT,105192.7
1750429860000,BTCUSDT,105161.4
1750429920000,BTCUSDT,105078.1
1750429980000,BTCUSDT,105151.9
1750430040000,BTCUSDT,105064.0
1750430100000,BTCUSDT,105059.1
1750430160000,BTCUSDT,105095.6
1750430220000,BTCUSDT,105245.8
1750430280000,BTCUSDT,105424.7
1750430340000,BTCUSDT,105396.3
1750430400000,BTCUSDT,105180.0
1750430460000,BTCUSDT,105100.5
1750430520000,BTCUSDT,104822.2
1750430580000,BTCUSDT,104921.0
1750430640000,BTCUSDT,104823.8
1750430700000,BTCUSDT,104743.5
1750430760000,BTCUSDT,104800.0
1750430820000,BTCUSDT,104750.6
1750430880000,BTCUSDT,104765.5
1750430940000,BTCUSDT,104539.6
1750431000000,BTCUSDT,104341.4
1750431060000,BTCUSDT,104277.4
1750431120000,BTCUSDT,104236.5
1750431180000,BTCUSDT,104176.4
1750431240000,BTCUSDT,104080.4
1750431300000,BTCUSDT,104052.6
1750431360000,BTCUSDT,104024.0
1750431420000,BTCUSDT,103992.7
1750431480000,BTCUSDT,103986.4
1750431540000,BTCUSDT,103872.7
1750431600000,BTCUSDT,103938.6
1750431660000,BTCUSDT,103927.1
1750431720000,BTCUSDT,104099.9
1750431780000,BTCUSDT,104132.6
1750431840000,BTCUSDT,104097.1
1750431900000,BTCUSDT,104156.1
1750431960000,BTCUSDT,104242.8
1750432020000,BTCUSDT,104237.0
1750432080000,BTCUSDT,104182.7
1750432140000,BTCUSDT,104199.0
1750432200000,BTCUSDT,104270.0
1750432260000,BTCUSDT,104265.2
1750432320000,BTCUSDT,104274.8
1750432380000,BTCUSDT,104230.8
1750432440000,BTCUSDT,104236.1
1750432500000,BTCUSDT,104295.6
1750432560000,BTCUSDT,104155.1
1750432620000,BTCUSDT,104233.8
1750432680000,BTCUSDT,104283.9
1750432740000,BTCUSDT,104216.3
1750432800000,BTCUSDT,104255.9
1750432860000,BTCUSDT,104294.9
1750432920000,BTCUSDT,104183.8
1750432980000,BTCUSDT,104290.2
1750433040000,BTCUSDT,104234.0
1750433100000,BTCUSDT,104264.8
1750433160000,BTCUSDT,104249.9
1750433220000,BTCUSDT,104288.1
1750433280000,BTCUSDT,104305.7
1750433340000,BTCUSDT,104213.9
1750433400000,BTCUSDT,104260.6
1750433460000,BTCUSDT,104255.5
1750433520000,BTCUSDT,104183.3
1750433580000,BTCUSDT,104117.9
1750433640000,BTCUSDT,104120.8
1750433700000,BTCUSDT,104021.9
1750433760000,BTCUSDT,104200.0
1750433820000,BTCUSDT,104379.1
1750433880000,BTCUSDT,104378.0
1750433940000,BTCUSDT,104362.4
1750434000000,BTCUSDT,104290.6
1750434060000,BTCUSDT,104347.0
1750434120000,BTCUSDT,104395.7
1750434180000,BTCUSDT,104429.9
1750434240000,BTCUSDT,104526.7
1750434300000,BTCUSDT,104430.0
1750434360000,BTCUSDT,104380.5
1750434420000,BTCUSDT,104413.5
1750434480000,BTCUSDT,104338.8
1750434540000,BTCUSDT,104395.0
1750434600000,BTCUSDT,104331.8
1750434660000,BTCUSDT,104278.5
1750434720000,BTCUSDT,104247.4
1750434780000,BTCUSDT,104225.5
1750434840000,BTCUSDT,104080.5
1750434900000,BTCUSDT,104121.8
1750434960000,BTCUSDT,104249.0
1750435020000,BTCUSDT,104236.5
1750435080000,BTCUSDT,104183.7
1750435140000,BTCUSDT,104168.5
1750435200000,BTCUSDT,104196.0
1750435260000,BTCUSDT,104150.1
1750435320000,BTCUSDT,104154.5
1750435380000,BTCUSDT,104181.6
1750435440000,BTCUSDT,104106.6
1750435500000,BTCUSDT,104089.2
1750435560000,BTCUSDT,104048.2
1750435620000,BTCUSDT,104058.2
1750435680000,BTCUSDT,104051.5
1750435740000,BTCUSDT,104087.2
1750435800000,BTCUSDT,104174.3
1750435860000,BTCUSDT,104111.2
1750435920000,BTCUSDT,104069.8
1750435980000,BTCUSDT,104077.0
1750436040000,BTCUSDT,104042.8
1750436100000,BTCUSDT,104007.8
1750436160000,BTCUSDT,103923.9
1750436220000,BTCUSDT,104034.5
1750436280000,BTCUSDT,104041.2
1750436340000,BTCUSDT,104073.2
1750436400000,BTCUSDT,103989.2
1750436460000,BTCUSDT,104009.3
1750436520000,BTCUSDT,103989.5
1750436580000,BTCUSDT,103974.0
1750436640000,BTCUSDT,104159.3
1750436700000,BTCUSDT,104171.6
1750436760000,BTCUSDT,104173.3
1750436820000,BTCUSDT,104122.6
1750436880000,BTCUSDT,104014.5
1750436940000,BTCUSDT,104036.6
1750437000000,BTCUSDT,104069.1
1750437060000,BTCUSDT,104086.6
1750437120000,BTCUSDT,104070.0
1750437180000,BTCUSDT,104102.3
1750437240000,BTCUSDT,104100.1
1750437300000,BTCUSDT,104103.1
1750437360000,BTCUSDT,104054.8
1750437420000,BTCUSDT,104028.6
1750437480000,BTCUSDT,103966.6
1750437540000,BTCUSDT,103905.0
1750437600000,BTCUSDT,103865.5
1750437660000,BTCUSDT,103820.7
1750437720000,BTCUSDT,103790.7
1750437780000,BTCUSDT,103814.2
1750437840000,BTCUSDT,103743.4
1750437900000,BTCUSDT,103789.5
1750437960000,BTCUSDT,103767.3
1750438020000,BTCUSDT,103640.1
1750438080000,BTCUSDT,103622.0
1750438140000,BTCUSDT,103642.8
1750438200000,BTCUSDT,103598.0
1750438260000,BTCUSDT,103682.3
1750438320000,BTCUSDT,103656.9
1750438380000,BTCUSDT,103660.0
1750438440000,BTCUSDT,103802.3
1750438500000,BTCUSDT,103819.7
1750438560000,BTCUSDT,103765.3
1750438620000,BTCUSDT,103750.1
1750438680000,BTCUSDT,103666.7
1750438740000,BTCUSDT,103630.3
1750438800000,BTCUSDT,103697.7
1750438860000,BTCUSDT,103680.4
1750438920000,BTCUSDT,103695.0
1750438980000,BTCUSDT,103631.2
1750439040000,BTCUSDT,103600.1
1750439100000,BTCUSDT,103532.9
1750439160000,BTCUSDT,103450.0
1750439220000,BTCUSDT,103532.9
1750439280000,BTCUSDT,103513.7
1750439340000,BTCUSDT,103461.8
1750439400000,BTCUSDT,103509.4
1750439460000,BTCUSDT,103482.0
1750439520000,BTCUSDT,103491.6
1750439580000,BTCUSDT,103470.4
1750439640000,BTCUSDT,103490.0
1750439700000,BTCUSDT,103474.4
1750439760000,BTCUSDT,103468.0
1750439820000,BTCUSDT,103465.1
1750439880000,BTCUSDT,103421.7
1750439940000,BTCUSDT,103099.5
1750440000000,BTCUSDT,102812.1
1750440060000,BTCUSDT,102845.5
1750440120000,BTCUSDT,102827.9
1750440180000,BTCUSDT,102675.7
1750440240000,BTCUSDT,102830.1
1750440300000,BTCUSDT,102845.1
1750440360000,BTCUSDT,102691.9
1750440420000,BTCUSDT,102765.2
1750440480000,BTCUSDT,102724.7
1750440540000,BTCUSDT,102890.9
1750440600000,BTCUSDT,102753.2
1750440660000,BTCUSDT,102800.9
1750440720000,BTCUSDT,102768.5
1750440780000,BTCUSDT,102666.0
1750440840000,BTCUSDT,102698.5
1750440900000,BTCUSDT,102576.4
1750440960000,BTCUSDT,102538.8
1750441020000,BTCUSDT,102376.8
1750441080000,BTCUSDT,102372.8
1750441140000,BTCUSDT,102480.5
1750441200000,BTCUSDT,102400.2
1750441260000,BTCUSDT,102551.0
1750441320000,BTCUSDT,102802.9
1750441380000,BTCUSDT,102792.9
1750441440000,BTCUSDT,102830.5
1750441500000,BTCUSDT,102914.2
1750441560000,BTCUSDT,102875.5
1750441620000,BTCUSDT,102900.1
1750441680000,BTCUSDT,102824.3
1750441740000,BTCUSDT,102934.6
1750441800000,BTCUSDT,102856.3
1750441860000,BTCUSDT,102752.9
1750441920000,BTCUSDT,102708.4
1750441980000,BTCUSDT,102793.9
1750442040000,BTCUSDT,102839.5
1750442100000,BTCUSDT,102800.0
1750442160000,BTCUSDT,102822.3
1750442220000,BTCUSDT,103032.3
1750442280000,BTCUSDT,103150.0
1750442340000,BTCUSDT,103216.6
1750442400000,BTCUSDT,103111.8
1750442460000,BTCUSDT,103095.5
1750442520000,BTCUSDT,103103.5
1750442580000,BTCUSDT,103104.2
1750442640000,BTCUSDT,103052.1
1750442700000,BTCUSDT,103056.6
1750442760000,BTCUSDT,103138.8
1750442820000,BTCUSDT,103132.0
1750442880000,BTCUSDT,103170.8
1750442940000,BTCUSDT,103161.5
1750443000000,BTCUSDT,103232.6
1750443060000,BTCUSDT,103288.4
1750443120000,BTCUSDT,103110.8
1750443180000,BTCUSDT,103113.2
1750443240000,BTCUSDT,103183.3
1750443300000,BTCUSDT,103182.1
1750443360000,BTCUSDT,103199.5
1750443420000,BTCUSDT,103274.1
1750443480000,BTCUSDT,103311.7
1750443540000,BTCUSDT,103379.9
1750443600000,BTCUSDT,103258.5
1750443660000,BTCUSDT,103209.8
1750443720000,BTCUSDT,103236.3
1750443780000,BTCUSDT,103193.8
1750443840000,BTCUSDT,103138.1
1750443900000,BTCUSDT,103071.9
1750443960000,BTCUSDT,103177.3
1750444020000,BTCUSDT,103069.9
1750444080000,BTCUSDT,103107.4
1750444140000,BTCUSDT,103079.0
1750444200000,BTCUSDT,103088.6
1750444260000,BTCUSDT,103136.8
1750444320000,BTCUSDT,103259.5
1750444380000,BTCUSDT,103213.2
1750444440000,BTCUSDT,103215.3
1750444500000,BTCUSDT,103262.9
1750444560000,BTCUSDT,103252.4
1750444620000,BTCUSDT,103183.5
1750444680000,BTCUSDT,103150.1
1750444740000,BTCUSDT,103155.1
1750444800000,BTCUSDT,103143.0
1750444860000,BTCUSDT,103166.1
1750444920000,BTCUSDT,103163.5
1750444980000,BTCUSDT,103149.9
1750445040000,BTCUSDT,103166.6
1750445100000,BTCUSDT,103247.2
1750445160000,BTCUSDT,103284.0
1750445220000,BTCUSDT,103291.4
1750445280000,BTCUSDT,103271.8
1750445340000,BTCUSDT,103260.2
1750445400000,BTCUSDT,103200.1
1750445460000,BTCUSDT,103239.7
1750445520000,BTCUSDT,103220.0
1750445580000,BTCUSDT,103236.9
1750445640000,BTCUSDT,103238.4
1750445700000,BTCUSDT,103223.8
1750445760000,BTCUSDT,103178.5
1750445820000,BTCUSDT,103169.5
1750445880000,BTCUSDT,103115.8
1750445940000,BTCUSDT,103127.9
1750446000000,BTCUSDT,103141.3
1750446060000,BTCUSDT,103143.3
1750446120000,BTCUSDT,103141.6
1750446180000,BTCUSDT,103041.3
1750446240000,BTCUSDT,103009.8
1750446300000,BTCUSDT,103133.0
1750446360000,BTCUSDT,103100.6
1750446420000,BTCUSDT,103045.2
1750446480000,BTCUSDT,103050.8
1750446540000,BTCUSDT,103094.2
1750446600000,BTCUSDT,103102.4
1750446660000,BTCUSDT,103079.5
1750446720000,BTCUSDT,103121.9
1750446780000,BTCUSDT,103070.4
1750446840000,BTCUSDT,103022.0
1750446900000,BTCUSDT,103026.6
1750446960000,BTCUSDT,103089.4
1750447020000,BTCUSDT,103111.3
1750447080000,BTCUSDT,103122.9
1750447140000,BTCUSDT,103081.3
1750447200000,BTCUSDT,103076.0
1750447260000,BTCUSDT,103059.7
1750447320000,BTCUSDT,103137.9
1750447380000,BTCUSDT,103106.5
1750447440000,BTCUSDT,103067.2
1750447500000,BTCUSDT,103062.1
1750447560000,BTCUSDT,103072.6
1750447620000,BTCUSDT,103069.2
1750447680000,BTCUSDT,103035.0
1750447740000,BTCUSDT,103061.4
1750447800000,BTCUSDT,103218.9
1750447860000,BTCUSDT,103268.3
1750447920000,BTCUSDT,103277.6
1750447980000,BTCUSDT,103207.6
1750448040000,BTCUSDT,103235.4
1750448100000,BTCUSDT,103254.5
1750448160000,BTCUSDT,103235.0
1750448220000,BTCUSDT,103226.4
1750448280000,BTCUSDT,103204.3
1750448340000,BTCUSDT,103220.7
1750448400000,BTCUSDT,103218.6
1750448460000,BTCUSDT,103190.2
1750448520000,BTCUSDT,103234.0
1750448580000,BTCUSDT,103233.0
1750448640000,BTCUSDT,103252.6
1750448700000,BTCUSDT,103261.8
1750448760000,BTCUSDT,103335.2
1750448820000,BTCUSDT,103350.2
1750448880000,BTCUSDT,103319.8
1750448940000,BTCUSDT,103262.0
1750449000000,BTCUSDT,103205.7
1750449060000,BTCUSDT,103237.7
1750449120000,BTCUSDT,103242.1
1750449180000,BTCUSDT,103246.1
1750449240000,BTCUSDT,103302.8
1750449300000,BTCUSDT,103433.7
1750449360000,BTCUSDT,103398.7
1750449420000,BTCUSDT,103412.3
1750449480000,BTCUSDT,103416.8
1750449540000,BTCUSDT,103263.9
1750449600000,BTCUSDT,103311.7
1750449660000,BTCUSDT,103409.5
1750449720000,BTCUSDT,103413.5
1750449780000,BTCUSDT,103418.9
1750449840000,BTCUSDT,103442.8
1750449900000,BTCUSDT,103490.9
1750449960000,BTCUSDT,103559.2
1750450020000,BTCUSDT,103579.7
1750450080000,BTCUSDT,103468.5
1750450140000,BTCUSDT,103446.6
1750450200000,BTCUSDT,103453.9
1750450260000,BTCUSDT,103494.2
1750450320000,BTCUSDT,103517.7
1750450380000,BTCUSDT,103567.9
1750450440000,BTCUSDT,103555.5
1750450500000,BTCUSDT,103561.3
1750450560000,BTCUSDT,103672.3
1750450620000,BTCUSDT,103782.1
1750450680000,BTCUSDT,103525.1
1750450740000,BTCUSDT,103467.3
1750450800000,BTCUSDT,103499.9
1750450860000,BTCUSDT,103401.9
1750450920000,BTCUSDT,103380.8
1750450980000,BTCUSDT,103411.3
1750451040000,BTCUSDT,103410.4
1750451100000,BTCUSDT,103436.0
1750451160000,BTCUSDT,103509.0
1750451220000,BTCUSDT,103505.6
1750451280000,BTCUSDT,103506.2
1750451340000,BTCUSDT,103550.0
1750451400000,BTCUSDT,103586.4
1750451460000,BTCUSDT,103596.0
1750451520000,BTCUSDT,103615.7
1750451580000,BTCUSDT,103587.0
1750451640000,BTCUSDT,103565.6
1750451700000,BTCUSDT,103602.1
1750451760000,BTCUSDT,103634.3
1750451820000,BTCUSDT,103632.3
1750451880000,BTCUSDT,103611.9
1750451940000,BTCUSDT,103628.6
1750452000000,BTCUSDT,103580.8
1750452060000,BTCUSDT,103599.4
1750452120000,BTCUSDT,103628.9
1750452180000,BTCUSDT,103611.1
1750452240000,BTCUSDT,103608.7
1750452300000,BTCUSDT,103683.8
1750452360000,BTCUSDT,103651.0
1750452420000,BTCUSDT,103584.3
1750452480000,BTCUSDT,103583.9
1750452540000,BTCUSDT,103605.3
1750452600000,BTCUSDT,103620.0
1750452660000,BTCUSDT,103644.1
1750452720000,BTCUSDT,103668.0
1750452780000,BTCUSDT,103648.7
1750452840000,BTCUSDT,103633.7
1750452900000,BTCUSDT,103667.2
1750452960000,BTCUSDT,103655.0
1750453020000,BTCUSDT,103641.6
1750453080000,BTCUSDT,103656.7
1750453140000,BTCUSDT,103655.3
1750453200000,BTCUSDT,103595.6
1750453260000,BTCUSDT,103573.5
1750453320000,BTCUSDT,103569.9
1750453380000,BTCUSDT,103449.9
1750453440000,BTCUSDT,103423.5
1750453500000,BTCUSDT,103383.0
1750453560000,BTCUSDT,103426.9
1750453620000,BTCUSDT,103494.9
1750453680000,BTCUSDT,103518.8
1750453740000,BTCUSDT,103481.3
1750453800000,BTCUSDT,103471.2
1750453860000,BTCUSDT,103467.9
1750453920000,BTCUSDT,103467.1
1750453980000,BTCUSDT,103474.7
1750454040000,BTCUSDT,103488.0
1750454100000,BTCUSDT,103519.0
1750454160000,BTCUSDT,103463.3
1750454220000,BTCUSDT,103455.4
1750454280000,BTCUSDT,103484.6
1750454340000,BTCUSDT,103459.2
1750454400000,BTCUSDT,103454.9
1750454460000,BTCUSDT,103454.9
1750454520000,BTCUSDT,103392.6
1750454580000,BTCUSDT,103403.9
1750454640000,BTCUSDT,103403.7
1750454700000,BTCUSDT,103398.4
1750454760000,BTCUSDT,103443.7
1750454820000,BTCUSDT,103468.7
1750454880000,BTCUSDT,103467.0
1750454940000,BTCUSDT,103433.6
1750455000000,BTCUSDT,103426.4
1750455060000,BTCUSDT,103426.9
1750455120000,BTCUSDT,103505.3
1750455180000,BTCUSDT,103476.9
1750455240000,BTCUSDT,103505.4
1750455300000,BTCUSDT,103536.3
1750455360000,BTCUSDT,103536.0
1750455420000,BTCUSDT,103495.9
1750455480000,BTCUSDT,103500.0
1750455540000,BTCUSDT,103499.7
1750455600000,BTCUSDT,103486.9
1750455660000,BTCUSDT,103470.2
1750455720000,BTCUSDT,103527.6
1750455780000,BTCUSDT,103570.0
1750455840000,BTCUSDT,103563.4
1750455900000,BTCUSDT,103569.1
1750455960000,BTCUSDT,103594.5
1750456020000,BTCUSDT,103629.8
1750456080000,BTCUSDT,103539.1
1750456140000,BTCUSDT,103545.0
1750456200000,BTCUSDT,103534.5
1750456260000,BTCUSDT,103414.2
1750456320000,BTCUSDT,103433.3
1750456380000,BTCUSDT,103433.1
1750456440000,BTCUSDT,103466.6
1750456500000,BTCUSDT,103509.3
1750456560000,BTCUSDT,103517.7
1750456620000,BTCUSDT,103513.9
1750456680000,BTCUSDT,103480.1
1750456740000,BTCUSDT,103492.0
1750456800000,BTCUSDT,103477.9
1750456860000,BTCUSDT,103469.8
1750456920000,BTCUSDT,103431.9
1750456980000,BTCUSDT,103394.4
1750457040000,BTCUSDT,103345.0
1750457100000,BTCUSDT,103227.6
1750457160000,BTCUSDT,103260.0
1750457220000,BTCUSDT,103256.8
1750457280000,BTCUSDT,103240.0
1750457340000,BTCUSDT,103246.3
1750457400000,BTCUSDT,103275.9
1750457460000,BTCUSDT,103296.1
1750457520000,BTCUSDT,103295.2
1750457580000,BTCUSDT,103266.0
1750457640000,BTCUSDT,103264.0
1750457700000,BTCUSDT,103242.3
1750457760000,BTCUSDT,103301.7
1750457820000,BTCUSDT,103229.4
1750457880000,BTCUSDT,103205.2
1750457940000,BTCUSDT,103076.7
1750458000000,BTCUSDT,103152.7
1750458060000,BTCUSDT,103214.6
1750458120000,BTCUSDT,103233.7
1750458180000,BTCUSDT,103261.1
1750458240000,BTCUSDT,103222.0
1750458300000,BTCUSDT,103159.7
1750458360000,BTCUSDT,103186.1
1750458420000,BTCUSDT,103197.7
1750458480000,BTCUSDT,103201.6
1750458540000,BTCUSDT,103153.6
1750458600000,BTCUSDT,103146.7
1750458660000,BTCUSDT,103196.5
1750458720000,BTCUSDT,103207.7
1750458780000,BTCUSDT,103271.7
1750458840000,BTCUSDT,103234.0
1750458900000,BTCUSDT,103257.4
1750458960000,BTCUSDT,103245.7
1750459020000,BTCUSDT,103168.5
1750459080000,BTCUSDT,103105.1
1750459140000,BTCUSDT,103074.7
1750459200000,BTCUSDT,103090.1
1750459260000,BTCUSDT,103071.1
1750459320000,BTCUSDT,103015.7
1750459380000,BTCUSDT,103045.7
1750459440000,BTCUSDT,103101.4
1750459500000,BTCUSDT,103011.9
1750459560000,BTCUSDT,102994.5
1750459620000,BTCUSDT,102976.0
1750459680000,BTCUSDT,103016.9
1750459740000,BTCUSDT,102987.1
1750459800000,BTCUSDT,102972.7
1750459860000,BTCUSDT,103026.7
1750459920000,BTCUSDT,103040.0
1750459980000,BTCUSDT,102976.4
1750460040000,BTCUSDT,102987.2
1750460100000,BTCUSDT,103016.3
1750460160000,BTCUSDT,103048.2
1750460220000,BTCUSDT,103050.6
1750460280000,BTCUSDT,103062.8
1750460340000,BTCUSDT,103064.2
1750460400000,BTCUSDT,103053.9
1750460460000,BTCUSDT,103008.1
1750460520000,BTCUSDT,102990.9
1750460580000,BTCUSDT,102957.8
1750460640000,BTCUSDT,102974.3
1750460700000,BTCUSDT,102985.5
1750460760000,BTCUSDT,103071.0
1750460820000,BTCUSDT,103136.3
1750460880000,BTCUSDT,103103.6
1750460940000,BTCUSDT,103133.2
1750461000000,BTCUSDT,103135.6
1750461060000,BTCUSDT,103105.0
1750461120000,BTCUSDT,103084.5
1750461180000,BTCUSDT,103073.3
1750461240000,BTCUSDT,102979.3
1750461300000,BTCUSDT,103036.7
1750461360000,BTCUSDT,103062.4
1750461420000,BTCUSDT,103055.0
1750461480000,BTCUSDT,103063.7
1750461540000,BTCUSDT,103083.8
1750461600000,BTCUSDT,103083.8
1750461660000,BTCUSDT,103082.0
1750461720000,BTCUSDT,103150.0
1750461780000,BTCUSDT,103140.1
1750461840000,BTCUSDT,103161.3
1750461900000,BTCUSDT,103148.3
1750461960000,BTCUSDT,103168.6
1750462020000,BTCUSDT,103161.0
1750462080000,BTCUSDT,103146.0
1750462140000,BTCUSDT,103176.1
1750462200000,BTCUSDT,103173.0
1750462260000,BTCUSDT,103207.0
1750462320000,BTCUSDT,103235.0
1750462380000,BTCUSDT,103218.8
1750462440000,BTCUSDT,103273.0
1750462500000,BTCUSDT,103253.9
1750462560000,BTCUSDT,103218.7
1750462620000,BTCUSDT,103216.9
1750462680000,BTCUSDT,103232.6
1750462740000,BTCUSDT,103217.1
1750462800000,BTCUSDT,103219.9
1750462860000,BTCUSDT,103229.0
1750462920000,BTCUSDT,103229.0
1750462980000,BTCUSDT,103241.1
1750463040000,BTCUSDT,103247.8
1750463100000,BTCUSDT,103276.9
1750463160000,BTCUSDT,103254.7
1750463220000,BTCUSDT,103254.7
1750463280000,BTCUSDT,103252.8
1750463340000,BTCUSDT,103218.0
1750463400000,BTCUSDT,103214.0
1750463460000,BTCUSDT,103224.5
1750463520000,BTCUSDT,103245.5
1750463580000,BTCUSDT,103230.3
1750463640000,BTCUSDT,103238.8
1750463700000,BTCUSDT,103245.5
1750463760000,BTCUSDT,103253.7
1750463820000,BTCUSDT,103230.0
1750463880000,BTCUSDT,103242.3
1750463940000,BTCUSDT,103246.1
1750464000000,BTCUSDT,103200.1
1750464060000,BTCUSDT,103212.3
1750464120000,BTCUSDT,103193.4
1750464180000,BTCUSDT,103195.5
1750464240000,BTCUSDT,103194.2
1750464300000,BTCUSDT,103188.6
1750464360000,BTCUSDT,103188.0
1750464420000,BTCUSDT,103145.6
1750464480000,BTCUSDT,103165.7
1750464540000,BTCUSDT,103216.8
1750464600000,BTCUSDT,103186.2
1750464660000,BTCUSDT,103143.6
1750464720000,BTCUSDT,103141.3
1750464780000,BTCUSDT,103118.3
1750464840000,BTCUSDT,103097.7
1750464900000,BTCUSDT,103122.0
1750464960000,BTCUSDT,103069.2
1750465020000,BTCUSDT,103124.8
1750465080000,BTCUSDT,103171.6
1750465140000,BTCUSDT,103180.7
1750465200000,BTCUSDT,103168.6
1750465260000,BTCUSDT,103144.5
1750465320000,BTCUSDT,103107.6
1750465380000,BTCUSDT,103147.5
1750465440000,BTCUSDT,103164.8
1750465500000,BTCUSDT,103199.9
1750465560000,BTCUSDT,103232.0
1750465620000,BTCUSDT,103240.1
1750465680000,BTCUSDT,103268.9
1750465740000,BTCUSDT,103286.4
1750465800000,BTCUSDT,103271.8
1750465860000,BTCUSDT,103207.7
1750465920000,BTCUSDT,103210.4
1750465980000,BTCUSDT,103198.8
1750466040000,BTCUSDT,103218.1
1750466100000,BTCUSDT,103231.4
1750466160000,BTCUSDT,103186.6
1750466220000,BTCUSDT,103209.3
1750466280000,BTCUSDT,103195.3
1750466340000,BTCUSDT,103202.2
1750466400000,BTCUSDT,103195.4
1750466460000,BTCUSDT,103200.0
1750466520000,BTCUSDT,103195.8
1750466580000,BTCUSDT,103226.4
1750466640000,BTCUSDT,103252.5
1750466700000,BTCUSDT,103197.1
1750466760000,BTCUSDT,103197.9
1750466820000,BTCUSDT,103186.7
1750466880000,BTCUSDT,103186.7
1750466940000,BTCUSDT,103199.9
1750467000000,BTCUSDT,103193.3
1750467060000,BTCUSDT,103192.2
1750467120000,BTCUSDT,103210.7
1750467180000,BTCUSDT,103229.2
1750467240000,BTCUSDT,103205.9
1750467300000,BTCUSDT,103205.8
1750467360000,BTCUSDT,103215.5
1750467420000,BTCUSDT,103210.9
1750467480000,BTCUSDT,103196.8
1750467540000,BTCUSDT,103196.9
1750467600000,BTCUSDT,103201.5
1750467660000,BTCUSDT,103188.1
1750467720000,BTCUSDT,103161.0
1750467780000,BTCUSDT,103149.9
1750467840000,BTCUSDT,103142.4
1750467900000,BTCUSDT,103202.7
1750467960000,BTCUSDT,103183.3
1750468020000,BTCUSDT,103173.3
1750468080000,BTCUSDT,103172.9
1750468140000,BTCUSDT,103173.0
1750468200000,BTCUSDT,103190.2
1750468260000,BTCUSDT,103170.0
1750468320000,BTCUSDT,103170.1
1750468380000,BTCUSDT,103189.5
1750468440000,BTCUSDT,103213.3
1750468500000,BTCUSDT,103200.1
1750468560000,BTCUSDT,103200.1
1750468620000,BTCUSDT,103165.8
1750468680000,BTCUSDT,103135.3
1750468740000,BTCUSDT,103135.1
1750468800000,BTCUSDT,103087.1
1750468860000,BTCUSDT,103087.1
1750468920000,BTCUSDT,103154.9
1750468980000,BTCUSDT,103200.9
1750469040000,BTCUSDT,103194.2
1750469100000,BTCUSDT,103200.8
1750469160000,BTCUSDT,103287.9
1750469220000,BTCUSDT,103286.5
1750469280000,BTCUSDT,103297.1
1750469340000,BTCUSDT,103276.0
1750469400000,BTCUSDT,103286.0
1750469460000,BTCUSDT,103288.4
1750469520000,BTCUSDT,103280.0
1750469580000,BTCUSDT,103318.2
1750469640000,BTCUSDT,103300.2
1750469700000,BTCUSDT,103288.4
1750469760000,BTCUSDT,103325.7
1750469820000,BTCUSDT,103332.0
1750469880000,BTCUSDT,103342.1
1750469940000,BTCUSDT,103359.0
1750470000000,BTCUSDT,103367.8
1750470060000,BTCUSDT,103404.0
1750470120000,BTCUSDT,103383.7
1750470180000,BTCUSDT,103373.3
1750470240000,BTCUSDT,103413.1
1750470300000,BTCUSDT,103395.6
1750470360000,BTCUSDT,103386.4
1750470420000,BTCUSDT,103412.8
1750470480000,BTCUSDT,103417.7
1750470540000,BTCUSDT,103401.0
1750470600000,BTCUSDT,103380.6
1750470660000,BTCUSDT,103369.7
1750470720000,BTCUSDT,103375.4
1750470780000,BTCUSDT,103388.9
1750470840000,BTCUSDT,103411.8
1750470900000,BTCUSDT,103439.7
1750470960000,BTCUSDT,103437.4
1750471020000,BTCUSDT,103440.0
1750471080000,BTCUSDT,103444.8
1750471140000,BTCUSDT,103464.6
1750471200000,BTCUSDT,103477.6
1750471260000,BTCUSDT,103438.8
1750471320000,BTCUSDT,103414.7
1750471380000,BTCUSDT,103414.8
1750471440000,BTCUSDT,103395.6
1750471500000,BTCUSDT,103370.6
1750471560000,BTCUSDT,103393.4
1750471620000,BTCUSDT,103372.0
1750471680000,BTCUSDT,103381.4
1750471740000,BTCUSDT,103372.0
1750471800000,BTCUSDT,103373.3
1750471860000,BTCUSDT,103369.9
1750471920000,BTCUSDT,103358.3
1750471980000,BTCUSDT,103382.0
1750472040000,BTCUSDT,103372.7
1750472100000,BTCUSDT,103367.8
1750472160000,BTCUSDT,103368.3
1750472220000,BTCUSDT,103389.1
1750472280000,BTCUSDT,103379.1
1750472340000,BTCUSDT,103383.9
1750472400000,BTCUSDT,103383.9
1750472460000,BTCUSDT,103384.5
1750472520000,BTCUSDT,103370.1
1750472580000,BTCUSDT,103365.1
1750472640000,BTCUSDT,103369.7
1750472700000,BTCUSDT,103369.6
1750472760000,BTCUSDT,103369.7
1750472820000,BTCUSDT,103318.7
1750472880000,BTCUSDT,103322.3
1750472940000,BTCUSDT,103329.9
1750473000000,BTCUSDT,103325.6
1750473060000,BTCUSDT,103344.7
1750473120000,BTCUSDT,103359.6
1750473180000,BTCUSDT,103395.4
1750473240000,BTCUSDT,103405.3
1750473300000,BTCUSDT,103424.2
1750473360000,BTCUSDT,103455.1
1750473420000,BTCUSDT,103456.2
1750473480000,BTCUSDT,103444.7
1750473540000,BTCUSDT,103424.2
1750473600000,BTCUSDT,103424.2
1750473660000,BTCUSDT,103432.9
1750473720000,BTCUSDT,103450.0
1750473780000,BTCUSDT,103456.2
1750473840000,BTCUSDT,103450.0
1750473900000,BTCUSDT,103431.7
1750473960000,BTCUSDT,103377.2
1750474020000,BTCUSDT,103385.8
1750474080000,BTCUSDT,103435.9
1750474140000,BTCUSDT,103436.7
1750474200000,BTCUSDT,103436.7
1750474260000,BTCUSDT,103421.4
1750474320000,BTCUSDT,103432.0
1750474380000,BTCUSDT,103443.9
1750474440000,BTCUSDT,103460.0
1750474500000,BTCUSDT,103429.0
1750474560000,BTCUSDT,103428.9
1750474620000,BTCUSDT,103443.6
1750474680000,BTCUSDT,103433.1
1750474740000,BTCUSDT,103448.8
1750474800000,BTCUSDT,103483.1
1750474860000,BTCUSDT,103485.8
1750474920000,BTCUSDT,103509.4
1750474980000,BTCUSDT,103532.2
1750475040000,BTCUSDT,103532.2
1750475100000,BTCUSDT,103519.3
1750475160000,BTCUSDT,103516.1
1750475220000,BTCUSDT,103518.4
1750475280000,BTCUSDT,103508.2
1750475340000,BTCUSDT,103536.4
1750475400000,BTCUSDT,103524.7
1750475460000,BTCUSDT,103484.7
1750475520000,BTCUSDT,103484.6
1750475580000,BTCUSDT,103498.0
1750475640000,BTCUSDT,103498.0
1750475700000,BTCUSDT,103524.6
1750475760000,BTCUSDT,103524.6
1750475820000,BTCUSDT,103540.1
1750475880000,BTCUSDT,103574.9
1750475940000,BTCUSDT,103594.8
1750476000000,BTCUSDT,103567.7
1750476060000,BTCUSDT,103576.0
1750476120000,BTCUSDT,103580.0
1750476180000,BTCUSDT,103571.8
1750476240000,BTCUSDT,103560.3
1750476300000,BTCUSDT,103580.0
1750476360000,BTCUSDT,103581.2
1750476420000,BTCUSDT,103598.0
1750476480000,BTCUSDT,103616.2
1750476540000,BTCUSDT,103616.0
1750476600000,BTCUSDT,103616.1
1750476660000,BTCUSDT,103593.9
1750476720000,BTCUSDT,103619.7
1750476780000,BTCUSDT,103619.7
1750476840000,BTCUSDT,103606.4
1750476900000,BTCUSDT,103598.7
1750476960000,BTCUSDT,103565.6
1750477020000,BTCUSDT,103588.9
1750477080000,BTCUSDT,103583.8
1750477140000,BTCUSDT,103576.9
1750477200000,BTCUSDT,103576.9
1750477260000,BTCUSDT,103559.3
1750477320000,BTCUSDT,103551.0
1750477380000,BTCUSDT,103559.2
1750477440000,BTCUSDT,103536.0
1750477500000,BTCUSDT,103558.1
1750477560000,BTCUSDT,103558.1
1750477620000,BTCUSDT,103546.7
1750477680000,BTCUSDT,103566.6
1750477740000,BTCUSDT,103562.3
1750477800000,BTCUSDT,103546.7
1750477860000,BTCUSDT,103561.6
1750477920000,BTCUSDT,103555.7
1750477980000,BTCUSDT,103529.7
1750478040000,BTCUSDT,103506.9
1750478100000,BTCUSDT,103514.0
1750478160000,BTCUSDT,103490.1
1750478220000,BTCUSDT,103478.0
1750478280000,BTCUSDT,103467.7
1750478340000,BTCUSDT,103434.5
1750478400000,BTCUSDT,103450.0
1750478460000,BTCUSDT,103463.5
1750478520000,BTCUSDT,103479.6
1750478580000,BTCUSDT,103425.2
1750478640000,BTCUSDT,103456.9
1750478700000,BTCUSDT,103440.5
1750478760000,BTCUSDT,103400.1
1750478820000,BTCUSDT,103365.7
1750478880000,BTCUSDT,103349.9
1750478940000,BTCUSDT,103378.5
1750479000000,BTCUSDT,103392.7
1750479060000,BTCUSDT,103405.5
1750479120000,BTCUSDT,103385.6
1750479180000,BTCUSDT,103370.9
1750479240000,BTCUSDT,103364.3
1750479300000,BTCUSDT,103360.2
1750479360000,BTCUSDT,103360.2
1750479420000,BTCUSDT,103360.1
1750479480000,BTCUSDT,103359.8
1750479540000,BTCUSDT,103359.0
1750479600000,BTCUSDT,103408.1
1750479660000,BTCUSDT,103376.9
1750479720000,BTCUSDT,103396.3
1750479780000,BTCUSDT,103379.0
1750479840000,BTCUSDT,103382.5
1750479900000,BTCUSDT,103375.2
1750479960000,BTCUSDT,103352.8
1750480020000,BTCUSDT,103376.0
1750480080000,BTCUSDT,103376.0
1750480140000,BTCUSDT,103353.1
1750480200000,BTCUSDT,103335.9
1750480260000,BTCUSDT,103330.1
1750480320000,BTCUSDT,103330.1
1750480380000,BTCUSDT,103326.9
1750480440000,BTCUSDT,103339.5
1750480500000,BTCUSDT,103326.1
1750480560000,BTCUSDT,103335.3
1750480620000,BTCUSDT,103337.7
1750480680000,BTCUSDT,103327.0
1750480740000,BTCUSDT,103320.1
1750480800000,BTCUSDT,103349.4
1750480860000,BTCUSDT,103344.1
1750480920000,BTCUSDT,103333.8
1750480980000,BTCUSDT,103333.6
1750481040000,BTCUSDT,103333.6
1750481100000,BTCUSDT,103333.5
1750481160000,BTCUSDT,103320.2
1750481220000,BTCUSDT,103314.2
1750481280000,BTCUSDT,103314.2
1750481340000,BTCUSDT,103300.1
1750481400000,BTCUSDT,103297.0
1750481460000,BTCUSDT,103297.0
1750481520000,BTCUSDT,103293.0
1750481580000,BTCUSDT,103303.9
1750481640000,BTCUSDT,103304.0
1750481700000,BTCUSDT,103313.1
1750481760000,BTCUSDT,103342.3
1750481820000,BTCUSDT,103349.9
1750481880000,BTCUSDT,103349.9
1750481940000,BTCUSDT,103339.4
1750482000000,BTCUSDT,103356.0
1750482060000,BTCUSDT,103355.9
1750482120000,BTCUSDT,103339.4
1750482180000,BTCUSDT,103331.6
1750482240000,BTCUSDT,103344.4
1750482300000,BTCUSDT,103335.4
1750482360000,BTCUSDT,103326.9
1750482420000,BTCUSDT,103326.9
1750482480000,BTCUSDT,103337.4
1750482540000,BTCUSDT,103337.4
1750482600000,BTCUSDT,103310.6
1750482660000,BTCUSDT,103310.7
1750482720000,BTCUSDT,103310.0
1750482780000,BTCUSDT,103304.7
1750482840000,BTCUSDT,103304.8
1750482900000,BTCUSDT,103310.7
1750482960000,BTCUSDT,103336.6
1750483020000,BTCUSDT,103340.2
1750483080000,BTCUSDT,103343.6
1750483140000,BTCUSDT,103340.2
